id;nombre;apellidos;nif;direccion;telefono;email
1;precious;grizzled worriedly;tame mmm;quinoa indeed zowie;sweatshop disposer selfishly;Diego.TovarMendoza@yahoo.com
2;geez;frenetically sticky;worth supposing;yippee oxidise;friendly marvelous before;Natalia62@gmail.com
3;untidy;colour sans;jubilantly oh;oof submitter whale;afore;AnaLuisa92@hotmail.com
4;how;slather circle throughout;custody calculus;judgementally;bliss;Ines74@gmail.com
5;submitter boohoo times;past lyre well-to-do;burdensome;strictly unless unless;till;Gregorio.OcampoTrevino@yahoo.com
6;how wedge;ick what clinking;greedily capitalize far;expatiate distinct;ravel junior;Daniel30@gmail.com
7;authorized usefully delectable;though;receptor fragrant;seal conclude shore;illusion mystify yuck;Guadalupe62@gmail.com
8;zowie;what duh ugh;painfully so with;premium;abnegate meaningfully;Maica_AguilarMoya@hotmail.com
9;back yippee;spew;savour yet before;categorise pace where;almost for;Julio66@hotmail.com
10;the corrupt till;far passionate correctly;offset neglected brr;odd;deeply even;Raquel_RoldanPadron27@gmail.com
